{"cameraMode":{"drawMode":0,"name":"Shaded","section":"Shading Mode"},"sceneLighting":true,"audioPlay":false,"sceneViewState":{"m_AlwaysRefresh":false,"showFog":true,"showSkybox":true,"showFlares":true,"showImageEffects":true,"showParticleSystems":true,"showVisualEffectGraphs":true,"m_FxEnabled":true},"in2DMode":false,"pivot":{"x":152.59878540039063,"y":275.74566650390627,"z":-425.16937255859377},"rotation":{"x":0.08764892816543579,"y":-0.058257803320884708,"z":0.005028403364121914,"w":0.9945433139801025},"size":388.5105895996094,"orthographic":true}