{"cameraMode":{"drawMode":0,"name":"Shaded","section":"Shading Mode"},"sceneLighting":true,"audioPlay":false,"sceneViewState":{"m_AlwaysRefresh":false,"showFog":true,"showSkybox":true,"showFlares":true,"showImageEffects":true,"showParticleSystems":true,"showVisualEffectGraphs":true,"m_FxEnabled":true},"in2DMode":false,"pivot":{"x":-29.3958740234375,"y":73.24880981445313,"z":-186.80218505859376},"rotation":{"x":0.21239890158176423,"y":-0.15752384066581727,"z":0.03472639247775078,"w":0.9638667106628418},"size":356.02545166015627,"orthographic":true}