{"cameraMode":{"drawMode":0,"name":"Shaded","section":"Shading Mode"},"sceneLighting":true,"audioPlay":false,"sceneViewState":{"m_AlwaysRefresh":false,"showFog":true,"showSkybox":true,"showFlares":true,"showImageEffects":true,"showParticleSystems":true,"showVisualEffectGraphs":true,"m_FxEnabled":true},"in2DMode":false,"pivot":{"x":-3.0028860569000246,"y":2.3061676025390627,"z":74.83312225341797},"rotation":{"x":-0.04079894721508026,"y":0.003595666028559208,"z":-0.00013722141738981009,"w":-0.9991909861564636},"size":23.898033142089845,"orthographic":true}