{"cameraMode":{"drawMode":0,"name":"Shaded","section":"Shading Mode"},"sceneLighting":true,"audioPlay":false,"sceneViewState":{"m_AlwaysRefresh":false,"showFog":true,"showSkybox":true,"showFlares":true,"showImageEffects":true,"showParticleSystems":true,"showVisualEffectGraphs":true,"m_FxEnabled":true},"in2DMode":false,"pivot":{"x":-0.20000076293945313,"y":12.080001831054688,"z":208.6097869873047},"rotation":{"x":-0.23018592596054078,"y":0.2553793489933014,"z":-0.06271864473819733,"w":-0.9369615316390991},"size":403.6530456542969,"orthographic":true}