{"cameraMode":{"drawMode":0,"name":"Shaded","section":"Shading Mode"},"sceneLighting":false,"audioPlay":false,"sceneViewState":{"m_AlwaysRefresh":false,"showFog":true,"showSkybox":false,"showFlares":true,"showImageEffects":true,"showParticleSystems":true,"showVisualEffectGraphs":true,"m_FxEnabled":true},"in2DMode":false,"pivot":{"x":33.144020080566409,"y":53.254573822021487,"z":-414.5566101074219},"rotation":{"x":-0.13773590326309205,"y":-0.35208433866500857,"z":0.05241917818784714,"w":-0.9243948459625244},"size":78.45028686523438,"orthographic":true}