{"cameraMode":{"drawMode":0,"name":"Shaded","section":"Shading Mode"},"sceneLighting":false,"audioPlay":false,"sceneViewState":{"m_AlwaysRefresh":false,"showFog":true,"showSkybox":false,"showFlares":true,"showImageEffects":true,"showParticleSystems":true,"showVisualEffectGraphs":true,"m_FxEnabled":true},"in2DMode":false,"pivot":{"x":-0.000012576580047607422,"y":0.6050845384597778,"z":-0.10713672637939453},"rotation":{"x":0.272599995136261,"y":-0.15645484626293183,"z":0.04496332257986069,"w":0.9483577013015747},"size":1.6218050718307496,"orthographic":true}