{"cameraMode":{"drawMode":0,"name":"Shaded","section":"Shading Mode"},"sceneLighting":false,"audioPlay":false,"sceneViewState":{"m_AlwaysRefresh":false,"showFog":true,"showSkybox":false,"showFlares":true,"showImageEffects":true,"showParticleSystems":true,"showVisualEffectGraphs":true,"m_FxEnabled":true},"in2DMode":false,"pivot":{"x":0.006128072738647461,"y":2.496884822845459,"z":0.009230494499206543},"rotation":{"x":-0.019878780469298364,"y":-0.7024336457252502,"z":0.01957123726606369,"w":-0.7113476991653442},"size":5.014233112335205,"orthographic":true}