{"cameraMode":{"drawMode":0,"name":"Shaded","section":"Shading Mode"},"sceneLighting":false,"audioPlay":false,"sceneViewState":{"m_AlwaysRefresh":false,"showFog":true,"showSkybox":false,"showFlares":true,"showImageEffects":true,"showParticleSystems":true,"showVisualEffectGraphs":true,"m_FxEnabled":true},"in2DMode":false,"pivot":{"x":0.10917186737060547,"y":2.0429208278656008,"z":0.10917234420776367},"rotation":{"x":-0.027895689010620118,"y":0.0024045188911259176,"z":-0.00016829204105306417,"w":-0.9997127652168274},"size":4.029082298278809,"orthographic":true}