{"cameraMode":{"drawMode":0,"name":"Shaded","section":"Shading Mode"},"sceneLighting":false,"audioPlay":false,"sceneViewState":{"m_AlwaysRefresh":false,"showFog":true,"showSkybox":false,"showFlares":true,"showImageEffects":true,"showParticleSystems":true,"showVisualEffectGraphs":true,"m_FxEnabled":true},"in2DMode":false,"pivot":{"x":0.10917186737060547,"y":2.0429208278656008,"z":0.10917234420776367},"rotation":{"x":0.20808352530002595,"y":-0.3120075762271881,"z":0.07022474706172943,"w":0.92445307970047},"size":8.885259628295899,"orthographic":true}