{"cameraMode":{"drawMode":0,"name":"Shaded","section":"Shading Mode"},"sceneLighting":false,"audioPlay":false,"sceneViewState":{"m_AlwaysRefresh":false,"showFog":true,"showSkybox":false,"showFlares":true,"showImageEffects":true,"showParticleSystems":true,"showVisualEffectGraphs":true,"m_FxEnabled":true},"in2DMode":false,"pivot":{"x":-18.590343475341798,"y":9.201534271240235,"z":-0.8052654266357422},"rotation":{"x":0.24230878055095673,"y":0.24141070246696473,"z":-0.06238870322704315,"w":0.9376143217086792},"size":46.29511260986328,"orthographic":true}