{"cameraMode":{"drawMode":0,"name":"Shaded","section":"Shading Mode"},"sceneLighting":false,"audioPlay":false,"sceneViewState":{"m_AlwaysRefresh":false,"showFog":true,"showSkybox":false,"showFlares":true,"showImageEffects":true,"showParticleSystems":true,"showVisualEffectGraphs":true,"m_FxEnabled":true},"in2DMode":false,"pivot":{"x":1.1531996726989747,"y":-0.0705575942993164,"z":0.1484980583190918},"rotation":{"x":0.12325756251811981,"y":-0.07287734001874924,"z":0.009076427668333054,"w":0.9897433519363403},"size":1.7951322793960572,"orthographic":true}