{"cameraMode":{"drawMode":0,"name":"Shaded","section":"Shading Mode"},"sceneLighting":false,"audioPlay":false,"sceneViewState":{"m_AlwaysRefresh":false,"showFog":true,"showSkybox":false,"showFlares":true,"showImageEffects":true,"showParticleSystems":true,"showVisualEffectGraphs":true,"m_FxEnabled":true},"in2DMode":false,"pivot":{"x":-124.89605712890625,"y":-320.5396728515625,"z":1035.8131103515625},"rotation":{"x":0.37650221586227419,"y":-0.08873141556978226,"z":0.036255646497011188,"w":0.9214443564414978},"size":1349.822998046875,"orthographic":true}