{"cameraMode":{"drawMode":0,"name":"Shaded","section":"Shading Mode"},"sceneLighting":false,"audioPlay":false,"sceneViewState":{"m_AlwaysRefresh":false,"showFog":true,"showSkybox":false,"showFlares":true,"showImageEffects":true,"showParticleSystems":true,"showVisualEffectGraphs":true,"m_FxEnabled":true},"in2DMode":false,"pivot":{"x":-0.00003439188003540039,"y":0.748762845993042,"z":0.7487528324127197},"rotation":{"x":0.0076092686504125599,"y":-0.9896539449691773,"z":0.13230019807815553,"w":0.05676328390836716},"size":2.91852068901062,"orthographic":true}