{"cameraMode":{"drawMode":0,"name":"Shaded","section":"Shading Mode"},"sceneLighting":false,"audioPlay":false,"sceneViewState":{"m_AlwaysRefresh":false,"showFog":true,"showSkybox":false,"showFlares":true,"showImageEffects":true,"showParticleSystems":true,"showVisualEffectGraphs":true,"m_FxEnabled":true},"in2DMode":false,"pivot":{"x":176.62918090820313,"y":60.39285659790039,"z":-365.07342529296877},"rotation":{"x":-0.19497168064117433,"y":0.47007817029953005,"z":-0.10725993663072586,"w":-0.8541557788848877},"size":94.17242431640625,"orthographic":true}