{"cameraMode":{"drawMode":0,"name":"Shaded","section":"Shading Mode"},"sceneLighting":false,"audioPlay":false,"sceneViewState":{"m_AlwaysRefresh":false,"showFog":true,"showSkybox":false,"showFlares":true,"showImageEffects":true,"showParticleSystems":true,"showVisualEffectGraphs":true,"m_FxEnabled":true},"in2DMode":false,"pivot":{"x":10.16133975982666,"y":15.45087718963623,"z":-2.1692123413085939},"rotation":{"x":0.03539141267538071,"y":-0.008994784206151963,"z":0.00031476025469601154,"w":0.9993650913238525},"size":68.20108032226563,"orthographic":true}