{"cameraMode":{"drawMode":0,"name":"Shaded","section":"Shading Mode"},"sceneLighting":true,"audioPlay":false,"sceneViewState":{"showFog":false,"showMaterialUpdate":false,"showSkybox":true,"showFlares":false,"showImageEffects":false,"showParticleSystems":false},"in2DMode":false,"pivot":{"x":-4.298721790313721,"y":-4.035673141479492,"z":-2.2390236854553224},"rotation":{"x":0.12246860563755036,"y":-0.8545597791671753,"z":0.23403260111808778,"w":0.44718337059020998},"size":10.158368110656739,"orthographic":false}