{"cameraMode":{"drawMode":0,"name":"Shaded","section":"Shading Mode"},"sceneLighting":false,"audioPlay":false,"sceneViewState":{"showFog":false,"showMaterialUpdate":false,"showSkybox":false,"showFlares":false,"showImageEffects":false,"showParticleSystems":false},"in2DMode":false,"pivot":{"x":-20.41938591003418,"y":10.057245254516602,"z":75.43156433105469},"rotation":{"x":0.14499151706695558,"y":-0.22351272404193879,"z":0.033641401678323749,"w":0.9632743000984192},"size":14.937439918518067,"orthographic":true}