{"cameraMode":{"drawMode":0,"name":"Shaded","section":"Shading Mode"},"sceneLighting":true,"audioPlay":false,"sceneViewState":{"showFog":false,"showMaterialUpdate":false,"showSkybox":true,"showFlares":false,"showImageEffects":false,"showParticleSystems":false},"in2DMode":false,"pivot":{"x":-1.800943374633789,"y":-0.7274484634399414,"z":-0.7568049430847168},"rotation":{"x":0.13276873528957368,"y":-0.7513105273246765,"z":0.15920032560825349,"w":0.6265601515769959},"size":10.894511222839356,"orthographic":false}