{"cameraMode":{"drawMode":0,"name":"Shaded","section":"Shading Mode"},"sceneLighting":true,"audioPlay":false,"sceneViewState":{"showFog":false,"showMaterialUpdate":false,"showSkybox":true,"showFlares":false,"showImageEffects":false,"showParticleSystems":false},"in2DMode":false,"pivot":{"x":0.7851157188415527,"y":2.61299991607666,"z":2.6281797885894777},"rotation":{"x":-0.11059606820344925,"y":0.7772327661514282,"z":-0.14266397058963777,"w":-0.60283362865448},"size":3.024744749069214,"orthographic":false}