{"cameraMode":{"drawMode":0,"name":"Shaded","section":"Shading Mode"},"sceneLighting":true,"audioPlay":false,"sceneViewState":{"showFog":false,"showMaterialUpdate":false,"showSkybox":true,"showFlares":false,"showImageEffects":false,"showParticleSystems":false},"in2DMode":false,"pivot":{"x":-1.222775936126709,"y":1.720116376876831,"z":4.068445682525635},"rotation":{"x":0.06634995341300965,"y":-0.8934170603752136,"z":0.14049792289733888,"w":0.42165061831474306},"size":4.459062099456787,"orthographic":false}