{"cameraMode":{"drawMode":0,"name":"Shaded","section":"Shading Mode"},"sceneLighting":false,"audioPlay":false,"sceneViewState":{"showFog":false,"showMaterialUpdate":false,"showSkybox":false,"showFlares":false,"showImageEffects":false,"showParticleSystems":false},"in2DMode":false,"pivot":{"x":-9.903569221496582,"y":-0.8034744262695313,"z":24.58218765258789},"rotation":{"x":0.08165813237428665,"y":-0.9058655500411987,"z":0.2044844925403595,"w":0.3619203269481659},"size":15.083806991577149,"orthographic":false}