{"cameraMode":{"drawMode":0,"name":"Shaded","section":"Shading Mode"},"sceneLighting":false,"audioPlay":false,"sceneViewState":{"showFog":false,"showMaterialUpdate":false,"showSkybox":false,"showFlares":false,"showImageEffects":false,"showParticleSystems":false},"in2DMode":false,"pivot":{"x":6.854562759399414,"y":1.6534786224365235,"z":4.098972320556641},"rotation":{"x":0.002369379624724388,"y":-0.9976131319999695,"z":0.05242243781685829,"w":0.0455179363489151},"size":9.094806671142579,"orthographic":false}