{"cameraMode":{"drawMode":0,"name":"Shaded","section":"Shading Mode"},"sceneLighting":true,"audioPlay":false,"sceneViewState":{"showFog":false,"showMaterialUpdate":false,"showSkybox":true,"showFlares":false,"showImageEffects":false,"showParticleSystems":false},"in2DMode":false,"pivot":{"x":-27.8397274017334,"y":-12.238067626953125,"z":21.26216697692871},"rotation":{"x":0.16770197451114655,"y":-0.4801042973995209,"z":0.09409936517477036,"w":0.8559057712554932},"size":22.917816162109376,"orthographic":false}